,0
0,محاسب - مدينه نصر - القاهره
1,وظائف مهندس في اماره دبي الامارات
2,وظائف سياحه ومطاعم في مدينه ابو ظبي الامارات
3,وظيفه محاسب عام معتمد
4,فرص عمل امين مخزن - العاشر من رمضان - الشرقيه
5,وظيفه موظف استقبال
6,مسئول مبيعات داخليه - السادس من اكتوبر - الجيزه
7,وظيفه محضر قهوه (باريستا)
8,محاسب - التجمع الخامس - القاهره
9,وظيفه اخصائي مبيعات
10,محاسب - مصر الجديده - القاهره
11,وظائف تقني في اماره الشارقه الامارات
12,وظيفه مدير مبيعات
13,وظائف تصميم في اماره دبي الامارات
14,وظائف مبيعات وتسويق في اماره دبي الامارات
15,عامل انتاج - مدينه العبور - القليوبيه
16,وظيفه اخصائي تسويق
17,فرص عمل عامل مخزن - الهرم - الجيزه
18,وظائف سياحه ومطاعم في اماره دبي الامارات
19,وظيفه بائع
